Outcome,Sequence,Num_Passes,Pass_Outcomes
Success,Van der Sar → Ferdinand → Giggs → Rooney → Evra → Carrick → Chicharito,6,"[{'from': 'Van der Sar', 'to': np.str_('Ferdinand'), 'success': np.True_}, {'from': np.str_('Ferdinand'), 'to': np.str_('Giggs'), 'success': np.True_}, {'from': np.str_('Giggs'), 'to': np.str_('Rooney'), 'success': np.True_}, {'from': np.str_('Rooney'), 'to': np.str_('Evra'), 'success': np.True_}, {'from': np.str_('Evra'), 'to': np.str_('Carrick'), 'success': np.True_}, {'from': np.str_('Carrick'), 'to': np.str_('Chicharito'), 'success': np.True_}]"
Pass failed,Van der Sar,1,"[{'from': 'Van der Sar', 'to': np.str_('Rooney'), 'success': np.False_}]"
Success,Van der Sar → Park → Carrick → Chicharito,3,"[{'from': 'Van der Sar', 'to': np.str_('Park'), 'success': np.True_}, {'from': np.str_('Park'), 'to': np.str_('Carrick'), 'success': np.True_}, {'from': np.str_('Carrick'), 'to': np.str_('Chicharito'), 'success': np.True_}]"
Success,Van der Sar → Ferdinand → Valencia → Carrick → Chicharito,4,"[{'from': 'Van der Sar', 'to': np.str_('Ferdinand'), 'success': np.True_}, {'from': np.str_('Ferdinand'), 'to': np.str_('Valencia'), 'success': np.True_}, {'from': np.str_('Valencia'), 'to': np.str_('Carrick'), 'success': np.True_}, {'from': np.str_('Carrick'), 'to': np.str_('Chicharito'), 'success': np.True_}]"
Pass failed,Van der Sar,1,"[{'from': 'Van der Sar', 'to': np.str_('Rooney'), 'success': np.False_}]"
Success,Van der Sar → Ferdinand → Valencia → Ferdinand → Carrick → Chicharito,5,"[{'from': 'Van der Sar', 'to': np.str_('Ferdinand'), 'success': np.True_}, {'from': np.str_('Ferdinand'), 'to': np.str_('Valencia'), 'success': np.True_}, {'from': np.str_('Valencia'), 'to': np.str_('Ferdinand'), 'success': np.True_}, {'from': np.str_('Ferdinand'), 'to': np.str_('Carrick'), 'success': np.True_}, {'from': np.str_('Carrick'), 'to': np.str_('Chicharito'), 'success': np.True_}]"
Pass failed,Van der Sar,1,"[{'from': 'Van der Sar', 'to': np.str_('Rooney'), 'success': np.False_}]"
Success,Van der Sar → Valencia → Rooney → Evra → Park → Carrick → Evra → Vidić → Carrick → Chicharito,9,"[{'from': 'Van der Sar', 'to': np.str_('Valencia'), 'success': np.True_}, {'from': np.str_('Valencia'), 'to': np.str_('Rooney'), 'success': np.True_}, {'from': np.str_('Rooney'), 'to': np.str_('Evra'), 'success': np.True_}, {'from': np.str_('Evra'), 'to': np.str_('Park'), 'success': np.True_}, {'from': np.str_('Park'), 'to': np.str_('Carrick'), 'success': np.True_}, {'from': np.str_('Carrick'), 'to': np.str_('Evra'), 'success': np.True_}, {'from': np.str_('Evra'), 'to': np.str_('Vidić'), 'success': np.True_}, {'from': np.str_('Vidić'), 'to': np.str_('Carrick'), 'success': np.True_}, {'from': np.str_('Carrick'), 'to': np.str_('Chicharito'), 'success': np.True_}]"
Success,Van der Sar → Ferdinand → Carrick → Chicharito,3,"[{'from': 'Van der Sar', 'to': np.str_('Ferdinand'), 'success': np.True_}, {'from': np.str_('Ferdinand'), 'to': np.str_('Carrick'), 'success': np.True_}, {'from': np.str_('Carrick'), 'to': np.str_('Chicharito'), 'success': np.True_}]"
Success,Van der Sar → Giggs → Park → Valencia → Rooney → Chicharito,5,"[{'from': 'Van der Sar', 'to': np.str_('Giggs'), 'success': np.True_}, {'from': np.str_('Giggs'), 'to': np.str_('Park'), 'success': np.True_}, {'from': np.str_('Park'), 'to': np.str_('Valencia'), 'success': np.True_}, {'from': np.str_('Valencia'), 'to': np.str_('Rooney'), 'success': np.True_}, {'from': np.str_('Rooney'), 'to': np.str_('Chicharito'), 'success': np.True_}]"
Pass failed,Van der Sar → Ferdinand,2,"[{'from': 'Van der Sar', 'to': np.str_('Ferdinand'), 'success': np.True_}, {'from': np.str_('Ferdinand'), 'to': np.str_('Park'), 'success': np.False_}]"
Pass failed,Van der Sar → Giggs → Fábio → Rooney → Evra → Park,6,"[{'from': 'Van der Sar', 'to': np.str_('Giggs'), 'success': np.True_}, {'from': np.str_('Giggs'), 'to': np.str_('Fábio'), 'success': np.True_}, {'from': np.str_('Fábio'), 'to': np.str_('Rooney'), 'success': np.True_}, {'from': np.str_('Rooney'), 'to': np.str_('Evra'), 'success': np.True_}, {'from': np.str_('Evra'), 'to': np.str_('Park'), 'success': np.True_}, {'from': np.str_('Park'), 'to': np.str_('Chicharito'), 'success': np.False_}]"
Pass failed,Van der Sar → Ferdinand → Vidić → Park → Carrick → Rooney → Giggs,7,"[{'from': 'Van der Sar', 'to': np.str_('Ferdinand'), 'success': np.True_}, {'from': np.str_('Ferdinand'), 'to': np.str_('Vidić'), 'success': np.True_}, {'from': np.str_('Vidić'), 'to': np.str_('Park'), 'success': np.True_}, {'from': np.str_('Park'), 'to': np.str_('Carrick'), 'success': np.True_}, {'from': np.str_('Carrick'), 'to': np.str_('Rooney'), 'success': np.True_}, {'from': np.str_('Rooney'), 'to': np.str_('Giggs'), 'success': np.True_}, {'from': np.str_('Giggs'), 'to': np.str_('Valencia'), 'success': np.False_}]"
Pass failed,Van der Sar,1,"[{'from': 'Van der Sar', 'to': np.str_('Rooney'), 'success': np.False_}]"
Success,Van der Sar → Fábio → Ferdinand → Giggs → Rooney → Park → Carrick → Chicharito,7,"[{'from': 'Van der Sar', 'to': np.str_('Fábio'), 'success': np.True_}, {'from': np.str_('Fábio'), 'to': np.str_('Ferdinand'), 'success': np.True_}, {'from': np.str_('Ferdinand'), 'to': np.str_('Giggs'), 'success': np.True_}, {'from': np.str_('Giggs'), 'to': np.str_('Rooney'), 'success': np.True_}, {'from': np.str_('Rooney'), 'to': np.str_('Park'), 'success': np.True_}, {'from': np.str_('Park'), 'to': np.str_('Carrick'), 'success': np.True_}, {'from': np.str_('Carrick'), 'to': np.str_('Chicharito'), 'success': np.True_}]"
Pass failed,Van der Sar,1,"[{'from': 'Van der Sar', 'to': np.str_('Rooney'), 'success': np.False_}]"
Success,Van der Sar → Vidić → Ferdinand → Carrick → Evra → Carrick → Rooney → Chicharito,7,"[{'from': 'Van der Sar', 'to': np.str_('Vidić'), 'success': np.True_}, {'from': np.str_('Vidić'), 'to': np.str_('Ferdinand'), 'success': np.True_}, {'from': np.str_('Ferdinand'), 'to': np.str_('Carrick'), 'success': np.True_}, {'from': np.str_('Carrick'), 'to': np.str_('Evra'), 'success': np.True_}, {'from': np.str_('Evra'), 'to': np.str_('Carrick'), 'success': np.True_}, {'from': np.str_('Carrick'), 'to': np.str_('Rooney'), 'success': np.True_}, {'from': np.str_('Rooney'), 'to': np.str_('Chicharito'), 'success': np.True_}]"
Success,Van der Sar → Giggs → Fábio → Rooney → Park → Valencia → Ferdinand → Carrick → Chicharito,8,"[{'from': 'Van der Sar', 'to': np.str_('Giggs'), 'success': np.True_}, {'from': np.str_('Giggs'), 'to': np.str_('Fábio'), 'success': np.True_}, {'from': np.str_('Fábio'), 'to': np.str_('Rooney'), 'success': np.True_}, {'from': np.str_('Rooney'), 'to': np.str_('Park'), 'success': np.True_}, {'from': np.str_('Park'), 'to': np.str_('Valencia'), 'success': np.True_}, {'from': np.str_('Valencia'), 'to': np.str_('Ferdinand'), 'success': np.True_}, {'from': np.str_('Ferdinand'), 'to': np.str_('Carrick'), 'success': np.True_}, {'from': np.str_('Carrick'), 'to': np.str_('Chicharito'), 'success': np.True_}]"
Success,Van der Sar → Valencia → Rooney → Giggs → Park → Fábio → Ferdinand → Vidić → Evra → Giggs → Park → Carrick → Chicharito,12,"[{'from': 'Van der Sar', 'to': np.str_('Valencia'), 'success': np.True_}, {'from': np.str_('Valencia'), 'to': np.str_('Rooney'), 'success': np.True_}, {'from': np.str_('Rooney'), 'to': np.str_('Giggs'), 'success': np.True_}, {'from': np.str_('Giggs'), 'to': np.str_('Park'), 'success': np.True_}, {'from': np.str_('Park'), 'to': np.str_('Fábio'), 'success': np.True_}, {'from': np.str_('Fábio'), 'to': np.str_('Ferdinand'), 'success': np.True_}, {'from': np.str_('Ferdinand'), 'to': np.str_('Vidić'), 'success': np.True_}, {'from': np.str_('Vidić'), 'to': np.str_('Evra'), 'success': np.True_}, {'from': np.str_('Evra'), 'to': np.str_('Giggs'), 'success': np.True_}, {'from': np.str_('Giggs'), 'to': np.str_('Park'), 'success': np.True_}, {'from': np.str_('Park'), 'to': np.str_('Carrick'), 'success': np.True_}, {'from': np.str_('Carrick'), 'to': np.str_('Chicharito'), 'success': np.True_}]"
Pass failed,Van der Sar,1,"[{'from': 'Van der Sar', 'to': np.str_('Rooney'), 'success': np.False_}]"
Success,Van der Sar → Evra → Park → Carrick → Fábio → Giggs → Park → Rooney → Chicharito,8,"[{'from': 'Van der Sar', 'to': np.str_('Evra'), 'success': np.True_}, {'from': np.str_('Evra'), 'to': np.str_('Park'), 'success': np.True_}, {'from': np.str_('Park'), 'to': np.str_('Carrick'), 'success': np.True_}, {'from': np.str_('Carrick'), 'to': np.str_('Fábio'), 'success': np.True_}, {'from': np.str_('Fábio'), 'to': np.str_('Giggs'), 'success': np.True_}, {'from': np.str_('Giggs'), 'to': np.str_('Park'), 'success': np.True_}, {'from': np.str_('Park'), 'to': np.str_('Rooney'), 'success': np.True_}, {'from': np.str_('Rooney'), 'to': np.str_('Chicharito'), 'success': np.True_}]"
Success,Van der Sar → Giggs → Park → Rooney → Valencia → Fábio → Ferdinand → Carrick → Chicharito,8,"[{'from': 'Van der Sar', 'to': np.str_('Giggs'), 'success': np.True_}, {'from': np.str_('Giggs'), 'to': np.str_('Park'), 'success': np.True_}, {'from': np.str_('Park'), 'to': np.str_('Rooney'), 'success': np.True_}, {'from': np.str_('Rooney'), 'to': np.str_('Valencia'), 'success': np.True_}, {'from': np.str_('Valencia'), 'to': np.str_('Fábio'), 'success': np.True_}, {'from': np.str_('Fábio'), 'to': np.str_('Ferdinand'), 'success': np.True_}, {'from': np.str_('Ferdinand'), 'to': np.str_('Carrick'), 'success': np.True_}, {'from': np.str_('Carrick'), 'to': np.str_('Chicharito'), 'success': np.True_}]"
Success,Van der Sar → Giggs → Evra → Park → Rooney → Chicharito,5,"[{'from': 'Van der Sar', 'to': np.str_('Giggs'), 'success': np.True_}, {'from': np.str_('Giggs'), 'to': np.str_('Evra'), 'success': np.True_}, {'from': np.str_('Evra'), 'to': np.str_('Park'), 'success': np.True_}, {'from': np.str_('Park'), 'to': np.str_('Rooney'), 'success': np.True_}, {'from': np.str_('Rooney'), 'to': np.str_('Chicharito'), 'success': np.True_}]"
Pass failed,Van der Sar,1,"[{'from': 'Van der Sar', 'to': np.str_('Rooney'), 'success': np.False_}]"
Pass failed,Van der Sar → Ferdinand → Carrick → Rooney → Giggs → Park → Evra → Giggs,8,"[{'from': 'Van der Sar', 'to': np.str_('Ferdinand'), 'success': np.True_}, {'from': np.str_('Ferdinand'), 'to': np.str_('Carrick'), 'success': np.True_}, {'from': np.str_('Carrick'), 'to': np.str_('Rooney'), 'success': np.True_}, {'from': np.str_('Rooney'), 'to': np.str_('Giggs'), 'success': np.True_}, {'from': np.str_('Giggs'), 'to': np.str_('Park'), 'success': np.True_}, {'from': np.str_('Park'), 'to': np.str_('Evra'), 'success': np.True_}, {'from': np.str_('Evra'), 'to': np.str_('Giggs'), 'success': np.True_}, {'from': np.str_('Giggs'), 'to': np.str_('Valencia'), 'success': np.False_}]"
Pass failed,Van der Sar,1,"[{'from': 'Van der Sar', 'to': np.str_('Rooney'), 'success': np.False_}]"
Pass failed,Van der Sar,1,"[{'from': 'Van der Sar', 'to': np.str_('Rooney'), 'success': np.False_}]"
Success,Van der Sar → Ferdinand → Valencia → Fábio → Giggs → Vidić → Carrick → Van der Sar → Giggs → Evra → Park → Rooney → Park → Rooney → Ferdinand → Van der Sar → Valencia → Ferdinand → Rooney → Chicharito,19,"[{'from': 'Van der Sar', 'to': np.str_('Ferdinand'), 'success': np.True_}, {'from': np.str_('Ferdinand'), 'to': np.str_('Valencia'), 'success': np.True_}, {'from': np.str_('Valencia'), 'to': np.str_('Fábio'), 'success': np.True_}, {'from': np.str_('Fábio'), 'to': np.str_('Giggs'), 'success': np.True_}, {'from': np.str_('Giggs'), 'to': np.str_('Vidić'), 'success': np.True_}, {'from': np.str_('Vidić'), 'to': np.str_('Carrick'), 'success': np.True_}, {'from': np.str_('Carrick'), 'to': np.str_('Van der Sar'), 'success': np.True_}, {'from': np.str_('Van der Sar'), 'to': np.str_('Giggs'), 'success': np.True_}, {'from': np.str_('Giggs'), 'to': np.str_('Evra'), 'success': np.True_}, {'from': np.str_('Evra'), 'to': np.str_('Park'), 'success': np.True_}, {'from': np.str_('Park'), 'to': np.str_('Rooney'), 'success': np.True_}, {'from': np.str_('Rooney'), 'to': np.str_('Park'), 'success': np.True_}, {'from': np.str_('Park'), 'to': np.str_('Rooney'), 'success': np.True_}, {'from': np.str_('Rooney'), 'to': np.str_('Ferdinand'), 'success': np.True_}, {'from': np.str_('Ferdinand'), 'to': np.str_('Van der Sar'), 'success': np.True_}, {'from': np.str_('Van der Sar'), 'to': np.str_('Valencia'), 'success': np.True_}, {'from': np.str_('Valencia'), 'to': np.str_('Ferdinand'), 'success': np.True_}, {'from': np.str_('Ferdinand'), 'to': np.str_('Rooney'), 'success': np.True_}, {'from': np.str_('Rooney'), 'to': np.str_('Chicharito'), 'success': np.True_}]"
Success,Van der Sar → Vidić → Van der Sar → Carrick → Giggs → Rooney → Chicharito,6,"[{'from': 'Van der Sar', 'to': np.str_('Vidić'), 'success': np.True_}, {'from': np.str_('Vidić'), 'to': np.str_('Van der Sar'), 'success': np.True_}, {'from': np.str_('Van der Sar'), 'to': np.str_('Carrick'), 'success': np.True_}, {'from': np.str_('Carrick'), 'to': np.str_('Giggs'), 'success': np.True_}, {'from': np.str_('Giggs'), 'to': np.str_('Rooney'), 'success': np.True_}, {'from': np.str_('Rooney'), 'to': np.str_('Chicharito'), 'success': np.True_}]"
Pass failed,Van der Sar → Giggs,2,"[{'from': 'Van der Sar', 'to': np.str_('Giggs'), 'success': np.True_}, {'from': np.str_('Giggs'), 'to': np.str_('Valencia'), 'success': np.False_}]"
Pass failed,Van der Sar → Carrick → Giggs → Fábio → Valencia → Vidić → Van der Sar → Ferdinand → Van der Sar,9,"[{'from': 'Van der Sar', 'to': np.str_('Carrick'), 'success': np.True_}, {'from': np.str_('Carrick'), 'to': np.str_('Giggs'), 'success': np.True_}, {'from': np.str_('Giggs'), 'to': np.str_('Fábio'), 'success': np.True_}, {'from': np.str_('Fábio'), 'to': np.str_('Valencia'), 'success': np.True_}, {'from': np.str_('Valencia'), 'to': np.str_('Vidić'), 'success': np.True_}, {'from': np.str_('Vidić'), 'to': np.str_('Van der Sar'), 'success': np.True_}, {'from': np.str_('Van der Sar'), 'to': np.str_('Ferdinand'), 'success': np.True_}, {'from': np.str_('Ferdinand'), 'to': np.str_('Van der Sar'), 'success': np.True_}, {'from': np.str_('Van der Sar'), 'to': np.str_('Rooney'), 'success': np.False_}]"
Pass failed,Van der Sar → Ferdinand → Vidić → Carrick → Giggs → Ferdinand → Evra,7,"[{'from': 'Van der Sar', 'to': np.str_('Ferdinand'), 'success': np.True_}, {'from': np.str_('Ferdinand'), 'to': np.str_('Vidić'), 'success': np.True_}, {'from': np.str_('Vidić'), 'to': np.str_('Carrick'), 'success': np.True_}, {'from': np.str_('Carrick'), 'to': np.str_('Giggs'), 'success': np.True_}, {'from': np.str_('Giggs'), 'to': np.str_('Ferdinand'), 'success': np.True_}, {'from': np.str_('Ferdinand'), 'to': np.str_('Evra'), 'success': np.True_}, {'from': np.str_('Evra'), 'to': np.str_('Chicharito'), 'success': np.False_}]"
Pass failed,Van der Sar,1,"[{'from': 'Van der Sar', 'to': np.str_('Rooney'), 'success': np.False_}]"
Pass failed,Van der Sar → Ferdinand → Van der Sar → Carrick → Fábio → Rooney → Valencia → Ferdinand → Valencia → Vidić → Giggs → Evra → Carrick → Rooney → Carrick → Giggs → Park → Vidić,18,"[{'from': 'Van der Sar', 'to': np.str_('Ferdinand'), 'success': np.True_}, {'from': np.str_('Ferdinand'), 'to': np.str_('Van der Sar'), 'success': np.True_}, {'from': np.str_('Van der Sar'), 'to': np.str_('Carrick'), 'success': np.True_}, {'from': np.str_('Carrick'), 'to': np.str_('Fábio'), 'success': np.True_}, {'from': np.str_('Fábio'), 'to': np.str_('Rooney'), 'success': np.True_}, {'from': np.str_('Rooney'), 'to': np.str_('Valencia'), 'success': np.True_}, {'from': np.str_('Valencia'), 'to': np.str_('Ferdinand'), 'success': np.True_}, {'from': np.str_('Ferdinand'), 'to': np.str_('Valencia'), 'success': np.True_}, {'from': np.str_('Valencia'), 'to': np.str_('Vidić'), 'success': np.True_}, {'from': np.str_('Vidić'), 'to': np.str_('Giggs'), 'success': np.True_}, {'from': np.str_('Giggs'), 'to': np.str_('Evra'), 'success': np.True_}, {'from': np.str_('Evra'), 'to': np.str_('Carrick'), 'success': np.True_}, {'from': np.str_('Carrick'), 'to': np.str_('Rooney'), 'success': np.True_}, {'from': np.str_('Rooney'), 'to': np.str_('Carrick'), 'success': np.True_}, {'from': np.str_('Carrick'), 'to': np.str_('Giggs'), 'success': np.True_}, {'from': np.str_('Giggs'), 'to': np.str_('Park'), 'success': np.True_}, {'from': np.str_('Park'), 'to': np.str_('Vidić'), 'success': np.True_}, {'from': np.str_('Vidić'), 'to': np.str_('Rooney'), 'success': np.False_}]"
Pass failed,Van der Sar → Vidić → Ferdinand → Valencia → Fábio → Giggs → Rooney → Park → Vidić → Park,10,"[{'from': 'Van der Sar', 'to': np.str_('Vidić'), 'success': np.True_}, {'from': np.str_('Vidić'), 'to': np.str_('Ferdinand'), 'success': np.True_}, {'from': np.str_('Ferdinand'), 'to': np.str_('Valencia'), 'success': np.True_}, {'from': np.str_('Valencia'), 'to': np.str_('Fábio'), 'success': np.True_}, {'from': np.str_('Fábio'), 'to': np.str_('Giggs'), 'success': np.True_}, {'from': np.str_('Giggs'), 'to': np.str_('Rooney'), 'success': np.True_}, {'from': np.str_('Rooney'), 'to': np.str_('Park'), 'success': np.True_}, {'from': np.str_('Park'), 'to': np.str_('Vidić'), 'success': np.True_}, {'from': np.str_('Vidić'), 'to': np.str_('Park'), 'success': np.True_}, {'from': np.str_('Park'), 'to': np.str_('Chicharito'), 'success': np.False_}]"
Success,Van der Sar → Fábio → Valencia → Ferdinand → Carrick → Fábio → Giggs → Park → Evra → Carrick → Chicharito,10,"[{'from': 'Van der Sar', 'to': np.str_('Fábio'), 'success': np.True_}, {'from': np.str_('Fábio'), 'to': np.str_('Valencia'), 'success': np.True_}, {'from': np.str_('Valencia'), 'to': np.str_('Ferdinand'), 'success': np.True_}, {'from': np.str_('Ferdinand'), 'to': np.str_('Carrick'), 'success': np.True_}, {'from': np.str_('Carrick'), 'to': np.str_('Fábio'), 'success': np.True_}, {'from': np.str_('Fábio'), 'to': np.str_('Giggs'), 'success': np.True_}, {'from': np.str_('Giggs'), 'to': np.str_('Park'), 'success': np.True_}, {'from': np.str_('Park'), 'to': np.str_('Evra'), 'success': np.True_}, {'from': np.str_('Evra'), 'to': np.str_('Carrick'), 'success': np.True_}, {'from': np.str_('Carrick'), 'to': np.str_('Chicharito'), 'success': np.True_}]"
Pass failed,Van der Sar → Vidić → Ferdinand,3,"[{'from': 'Van der Sar', 'to': np.str_('Vidić'), 'success': np.True_}, {'from': np.str_('Vidić'), 'to': np.str_('Ferdinand'), 'success': np.True_}, {'from': np.str_('Ferdinand'), 'to': np.str_('Park'), 'success': np.False_}]"
Pass failed,Van der Sar → Park,2,"[{'from': 'Van der Sar', 'to': np.str_('Park'), 'success': np.True_}, {'from': np.str_('Park'), 'to': np.str_('Chicharito'), 'success': np.False_}]"
Success,Van der Sar → Vidić → Park → Carrick → Fábio → Valencia → Rooney → Fábio → Giggs → Evra → Vidić → Ferdinand → Van der Sar → Park → Giggs → Park → Carrick → Chicharito,17,"[{'from': 'Van der Sar', 'to': np.str_('Vidić'), 'success': np.True_}, {'from': np.str_('Vidić'), 'to': np.str_('Park'), 'success': np.True_}, {'from': np.str_('Park'), 'to': np.str_('Carrick'), 'success': np.True_}, {'from': np.str_('Carrick'), 'to': np.str_('Fábio'), 'success': np.True_}, {'from': np.str_('Fábio'), 'to': np.str_('Valencia'), 'success': np.True_}, {'from': np.str_('Valencia'), 'to': np.str_('Rooney'), 'success': np.True_}, {'from': np.str_('Rooney'), 'to': np.str_('Fábio'), 'success': np.True_}, {'from': np.str_('Fábio'), 'to': np.str_('Giggs'), 'success': np.True_}, {'from': np.str_('Giggs'), 'to': np.str_('Evra'), 'success': np.True_}, {'from': np.str_('Evra'), 'to': np.str_('Vidić'), 'success': np.True_}, {'from': np.str_('Vidić'), 'to': np.str_('Ferdinand'), 'success': np.True_}, {'from': np.str_('Ferdinand'), 'to': np.str_('Van der Sar'), 'success': np.True_}, {'from': np.str_('Van der Sar'), 'to': np.str_('Park'), 'success': np.True_}, {'from': np.str_('Park'), 'to': np.str_('Giggs'), 'success': np.True_}, {'from': np.str_('Giggs'), 'to': np.str_('Park'), 'success': np.True_}, {'from': np.str_('Park'), 'to': np.str_('Carrick'), 'success': np.True_}, {'from': np.str_('Carrick'), 'to': np.str_('Chicharito'), 'success': np.True_}]"
Success,Van der Sar → Ferdinand → Evra → Rooney → Ferdinand → Carrick → Vidić → Van der Sar → Valencia → Vidić → Evra → Giggs → Park → Rooney → Chicharito,14,"[{'from': 'Van der Sar', 'to': np.str_('Ferdinand'), 'success': np.True_}, {'from': np.str_('Ferdinand'), 'to': np.str_('Evra'), 'success': np.True_}, {'from': np.str_('Evra'), 'to': np.str_('Rooney'), 'success': np.True_}, {'from': np.str_('Rooney'), 'to': np.str_('Ferdinand'), 'success': np.True_}, {'from': np.str_('Ferdinand'), 'to': np.str_('Carrick'), 'success': np.True_}, {'from': np.str_('Carrick'), 'to': np.str_('Vidić'), 'success': np.True_}, {'from': np.str_('Vidić'), 'to': np.str_('Van der Sar'), 'success': np.True_}, {'from': np.str_('Van der Sar'), 'to': np.str_('Valencia'), 'success': np.True_}, {'from': np.str_('Valencia'), 'to': np.str_('Vidić'), 'success': np.True_}, {'from': np.str_('Vidić'), 'to': np.str_('Evra'), 'success': np.True_}, {'from': np.str_('Evra'), 'to': np.str_('Giggs'), 'success': np.True_}, {'from': np.str_('Giggs'), 'to': np.str_('Park'), 'success': np.True_}, {'from': np.str_('Park'), 'to': np.str_('Rooney'), 'success': np.True_}, {'from': np.str_('Rooney'), 'to': np.str_('Chicharito'), 'success': np.True_}]"
Pass failed,Van der Sar,1,"[{'from': 'Van der Sar', 'to': np.str_('Rooney'), 'success': np.False_}]"
Pass failed,Van der Sar → Ferdinand → Evra → Park → Rooney → Giggs → Evra → Vidić → Evra → Carrick → Valencia → Vidić → Van der Sar,13,"[{'from': 'Van der Sar', 'to': np.str_('Ferdinand'), 'success': np.True_}, {'from': np.str_('Ferdinand'), 'to': np.str_('Evra'), 'success': np.True_}, {'from': np.str_('Evra'), 'to': np.str_('Park'), 'success': np.True_}, {'from': np.str_('Park'), 'to': np.str_('Rooney'), 'success': np.True_}, {'from': np.str_('Rooney'), 'to': np.str_('Giggs'), 'success': np.True_}, {'from': np.str_('Giggs'), 'to': np.str_('Evra'), 'success': np.True_}, {'from': np.str_('Evra'), 'to': np.str_('Vidić'), 'success': np.True_}, {'from': np.str_('Vidić'), 'to': np.str_('Evra'), 'success': np.True_}, {'from': np.str_('Evra'), 'to': np.str_('Carrick'), 'success': np.True_}, {'from': np.str_('Carrick'), 'to': np.str_('Valencia'), 'success': np.True_}, {'from': np.str_('Valencia'), 'to': np.str_('Vidić'), 'success': np.True_}, {'from': np.str_('Vidić'), 'to': np.str_('Van der Sar'), 'success': np.True_}, {'from': np.str_('Van der Sar'), 'to': np.str_('Rooney'), 'success': np.False_}]"
Pass failed,Van der Sar → Park → Giggs → Evra → Park → Evra → Ferdinand → Van der Sar,8,"[{'from': 'Van der Sar', 'to': np.str_('Park'), 'success': np.True_}, {'from': np.str_('Park'), 'to': np.str_('Giggs'), 'success': np.True_}, {'from': np.str_('Giggs'), 'to': np.str_('Evra'), 'success': np.True_}, {'from': np.str_('Evra'), 'to': np.str_('Park'), 'success': np.True_}, {'from': np.str_('Park'), 'to': np.str_('Evra'), 'success': np.True_}, {'from': np.str_('Evra'), 'to': np.str_('Ferdinand'), 'success': np.True_}, {'from': np.str_('Ferdinand'), 'to': np.str_('Van der Sar'), 'success': np.True_}, {'from': np.str_('Van der Sar'), 'to': np.str_('Rooney'), 'success': np.False_}]"
Success,Van der Sar → Evra → Giggs → Rooney → Carrick → Valencia → Ferdinand → Valencia → Fábio → Rooney → Chicharito,10,"[{'from': 'Van der Sar', 'to': np.str_('Evra'), 'success': np.True_}, {'from': np.str_('Evra'), 'to': np.str_('Giggs'), 'success': np.True_}, {'from': np.str_('Giggs'), 'to': np.str_('Rooney'), 'success': np.True_}, {'from': np.str_('Rooney'), 'to': np.str_('Carrick'), 'success': np.True_}, {'from': np.str_('Carrick'), 'to': np.str_('Valencia'), 'success': np.True_}, {'from': np.str_('Valencia'), 'to': np.str_('Ferdinand'), 'success': np.True_}, {'from': np.str_('Ferdinand'), 'to': np.str_('Valencia'), 'success': np.True_}, {'from': np.str_('Valencia'), 'to': np.str_('Fábio'), 'success': np.True_}, {'from': np.str_('Fábio'), 'to': np.str_('Rooney'), 'success': np.True_}, {'from': np.str_('Rooney'), 'to': np.str_('Chicharito'), 'success': np.True_}]"
Pass failed,Van der Sar → Park → Giggs → Ferdinand → Vidić,5,"[{'from': 'Van der Sar', 'to': np.str_('Park'), 'success': np.True_}, {'from': np.str_('Park'), 'to': np.str_('Giggs'), 'success': np.True_}, {'from': np.str_('Giggs'), 'to': np.str_('Ferdinand'), 'success': np.True_}, {'from': np.str_('Ferdinand'), 'to': np.str_('Vidić'), 'success': np.True_}, {'from': np.str_('Vidić'), 'to': np.str_('Rooney'), 'success': np.False_}]"
Pass failed,Van der Sar → Park → Rooney → Valencia → Fábio → Rooney → Giggs → Park → Evra → Vidić → Evra → Vidić → Van der Sar → Carrick → Giggs,15,"[{'from': 'Van der Sar', 'to': np.str_('Park'), 'success': np.True_}, {'from': np.str_('Park'), 'to': np.str_('Rooney'), 'success': np.True_}, {'from': np.str_('Rooney'), 'to': np.str_('Valencia'), 'success': np.True_}, {'from': np.str_('Valencia'), 'to': np.str_('Fábio'), 'success': np.True_}, {'from': np.str_('Fábio'), 'to': np.str_('Rooney'), 'success': np.True_}, {'from': np.str_('Rooney'), 'to': np.str_('Giggs'), 'success': np.True_}, {'from': np.str_('Giggs'), 'to': np.str_('Park'), 'success': np.True_}, {'from': np.str_('Park'), 'to': np.str_('Evra'), 'success': np.True_}, {'from': np.str_('Evra'), 'to': np.str_('Vidić'), 'success': np.True_}, {'from': np.str_('Vidić'), 'to': np.str_('Evra'), 'success': np.True_}, {'from': np.str_('Evra'), 'to': np.str_('Vidić'), 'success': np.True_}, {'from': np.str_('Vidić'), 'to': np.str_('Van der Sar'), 'success': np.True_}, {'from': np.str_('Van der Sar'), 'to': np.str_('Carrick'), 'success': np.True_}, {'from': np.str_('Carrick'), 'to': np.str_('Giggs'), 'success': np.True_}, {'from': np.str_('Giggs'), 'to': np.str_('Chicharito'), 'success': np.False_}]"
Pass failed,Van der Sar → Ferdinand → Van der Sar → Ferdinand → Vidić → Park → Fábio → Ferdinand → Evra → Park → Vidić → Giggs → Fábio → Valencia → Rooney → Giggs,16,"[{'from': 'Van der Sar', 'to': np.str_('Ferdinand'), 'success': np.True_}, {'from': np.str_('Ferdinand'), 'to': np.str_('Van der Sar'), 'success': np.True_}, {'from': np.str_('Van der Sar'), 'to': np.str_('Ferdinand'), 'success': np.True_}, {'from': np.str_('Ferdinand'), 'to': np.str_('Vidić'), 'success': np.True_}, {'from': np.str_('Vidić'), 'to': np.str_('Park'), 'success': np.True_}, {'from': np.str_('Park'), 'to': np.str_('Fábio'), 'success': np.True_}, {'from': np.str_('Fábio'), 'to': np.str_('Ferdinand'), 'success': np.True_}, {'from': np.str_('Ferdinand'), 'to': np.str_('Evra'), 'success': np.True_}, {'from': np.str_('Evra'), 'to': np.str_('Park'), 'success': np.True_}, {'from': np.str_('Park'), 'to': np.str_('Vidić'), 'success': np.True_}, {'from': np.str_('Vidić'), 'to': np.str_('Giggs'), 'success': np.True_}, {'from': np.str_('Giggs'), 'to': np.str_('Fábio'), 'success': np.True_}, {'from': np.str_('Fábio'), 'to': np.str_('Valencia'), 'success': np.True_}, {'from': np.str_('Valencia'), 'to': np.str_('Rooney'), 'success': np.True_}, {'from': np.str_('Rooney'), 'to': np.str_('Giggs'), 'success': np.True_}, {'from': np.str_('Giggs'), 'to': np.str_('Chicharito'), 'success': np.False_}]"
Pass failed,Van der Sar,1,"[{'from': 'Van der Sar', 'to': np.str_('Rooney'), 'success': np.False_}]"
Pass failed,Van der Sar → Giggs → Vidić → Ferdinand → Valencia → Rooney → Carrick → Valencia → Fábio → Ferdinand,10,"[{'from': 'Van der Sar', 'to': np.str_('Giggs'), 'success': np.True_}, {'from': np.str_('Giggs'), 'to': np.str_('Vidić'), 'success': np.True_}, {'from': np.str_('Vidić'), 'to': np.str_('Ferdinand'), 'success': np.True_}, {'from': np.str_('Ferdinand'), 'to': np.str_('Valencia'), 'success': np.True_}, {'from': np.str_('Valencia'), 'to': np.str_('Rooney'), 'success': np.True_}, {'from': np.str_('Rooney'), 'to': np.str_('Carrick'), 'success': np.True_}, {'from': np.str_('Carrick'), 'to': np.str_('Valencia'), 'success': np.True_}, {'from': np.str_('Valencia'), 'to': np.str_('Fábio'), 'success': np.True_}, {'from': np.str_('Fábio'), 'to': np.str_('Ferdinand'), 'success': np.True_}, {'from': np.str_('Ferdinand'), 'to': np.str_('Park'), 'success': np.False_}]"
Pass failed,Van der Sar,1,"[{'from': 'Van der Sar', 'to': np.str_('Rooney'), 'success': np.False_}]"
Pass failed,Van der Sar → Evra → Park → Evra → Rooney → Carrick → Rooney,7,"[{'from': 'Van der Sar', 'to': np.str_('Evra'), 'success': np.True_}, {'from': np.str_('Evra'), 'to': np.str_('Park'), 'success': np.True_}, {'from': np.str_('Park'), 'to': np.str_('Evra'), 'success': np.True_}, {'from': np.str_('Evra'), 'to': np.str_('Rooney'), 'success': np.True_}, {'from': np.str_('Rooney'), 'to': np.str_('Carrick'), 'success': np.True_}, {'from': np.str_('Carrick'), 'to': np.str_('Rooney'), 'success': np.True_}, {'from': np.str_('Rooney'), 'to': np.str_('Vidić'), 'success': np.False_}]"
Success,Van der Sar → Vidić → Giggs → Evra → Rooney → Carrick → Chicharito,6,"[{'from': 'Van der Sar', 'to': np.str_('Vidić'), 'success': np.True_}, {'from': np.str_('Vidić'), 'to': np.str_('Giggs'), 'success': np.True_}, {'from': np.str_('Giggs'), 'to': np.str_('Evra'), 'success': np.True_}, {'from': np.str_('Evra'), 'to': np.str_('Rooney'), 'success': np.True_}, {'from': np.str_('Rooney'), 'to': np.str_('Carrick'), 'success': np.True_}, {'from': np.str_('Carrick'), 'to': np.str_('Chicharito'), 'success': np.True_}]"
Pass failed,Van der Sar → Ferdinand → Rooney → Park → Giggs → Fábio → Giggs → Vidić → Evra → Park → Carrick → Rooney → Valencia → Ferdinand → Carrick → Fábio → Valencia → Ferdinand → Vidić → Evra → Giggs,21,"[{'from': 'Van der Sar', 'to': np.str_('Ferdinand'), 'success': np.True_}, {'from': np.str_('Ferdinand'), 'to': np.str_('Rooney'), 'success': np.True_}, {'from': np.str_('Rooney'), 'to': np.str_('Park'), 'success': np.True_}, {'from': np.str_('Park'), 'to': np.str_('Giggs'), 'success': np.True_}, {'from': np.str_('Giggs'), 'to': np.str_('Fábio'), 'success': np.True_}, {'from': np.str_('Fábio'), 'to': np.str_('Giggs'), 'success': np.True_}, {'from': np.str_('Giggs'), 'to': np.str_('Vidić'), 'success': np.True_}, {'from': np.str_('Vidić'), 'to': np.str_('Evra'), 'success': np.True_}, {'from': np.str_('Evra'), 'to': np.str_('Park'), 'success': np.True_}, {'from': np.str_('Park'), 'to': np.str_('Carrick'), 'success': np.True_}, {'from': np.str_('Carrick'), 'to': np.str_('Rooney'), 'success': np.True_}, {'from': np.str_('Rooney'), 'to': np.str_('Valencia'), 'success': np.True_}, {'from': np.str_('Valencia'), 'to': np.str_('Ferdinand'), 'success': np.True_}, {'from': np.str_('Ferdinand'), 'to': np.str_('Carrick'), 'success': np.True_}, {'from': np.str_('Carrick'), 'to': np.str_('Fábio'), 'success': np.True_}, {'from': np.str_('Fábio'), 'to': np.str_('Valencia'), 'success': np.True_}, {'from': np.str_('Valencia'), 'to': np.str_('Ferdinand'), 'success': np.True_}, {'from': np.str_('Ferdinand'), 'to': np.str_('Vidić'), 'success': np.True_}, {'from': np.str_('Vidić'), 'to': np.str_('Evra'), 'success': np.True_}, {'from': np.str_('Evra'), 'to': np.str_('Giggs'), 'success': np.True_}, {'from': np.str_('Giggs'), 'to': np.str_('Valencia'), 'success': np.False_}]"
Success,Van der Sar → Ferdinand → Valencia → Fábio → Giggs → Vidić → Evra → Rooney → Carrick → Chicharito,9,"[{'from': 'Van der Sar', 'to': np.str_('Ferdinand'), 'success': np.True_}, {'from': np.str_('Ferdinand'), 'to': np.str_('Valencia'), 'success': np.True_}, {'from': np.str_('Valencia'), 'to': np.str_('Fábio'), 'success': np.True_}, {'from': np.str_('Fábio'), 'to': np.str_('Giggs'), 'success': np.True_}, {'from': np.str_('Giggs'), 'to': np.str_('Vidić'), 'success': np.True_}, {'from': np.str_('Vidić'), 'to': np.str_('Evra'), 'success': np.True_}, {'from': np.str_('Evra'), 'to': np.str_('Rooney'), 'success': np.True_}, {'from': np.str_('Rooney'), 'to': np.str_('Carrick'), 'success': np.True_}, {'from': np.str_('Carrick'), 'to': np.str_('Chicharito'), 'success': np.True_}]"
Pass failed,Van der Sar → Carrick → Giggs → Fábio → Valencia → Ferdinand → Vidić → Evra → Rooney → Park → Rooney → Park → Giggs → Fábio → Ferdinand → Carrick → Van der Sar,17,"[{'from': 'Van der Sar', 'to': np.str_('Carrick'), 'success': np.True_}, {'from': np.str_('Carrick'), 'to': np.str_('Giggs'), 'success': np.True_}, {'from': np.str_('Giggs'), 'to': np.str_('Fábio'), 'success': np.True_}, {'from': np.str_('Fábio'), 'to': np.str_('Valencia'), 'success': np.True_}, {'from': np.str_('Valencia'), 'to': np.str_('Ferdinand'), 'success': np.True_}, {'from': np.str_('Ferdinand'), 'to': np.str_('Vidić'), 'success': np.True_}, {'from': np.str_('Vidić'), 'to': np.str_('Evra'), 'success': np.True_}, {'from': np.str_('Evra'), 'to': np.str_('Rooney'), 'success': np.True_}, {'from': np.str_('Rooney'), 'to': np.str_('Park'), 'success': np.True_}, {'from': np.str_('Park'), 'to': np.str_('Rooney'), 'success': np.True_}, {'from': np.str_('Rooney'), 'to': np.str_('Park'), 'success': np.True_}, {'from': np.str_('Park'), 'to': np.str_('Giggs'), 'success': np.True_}, {'from': np.str_('Giggs'), 'to': np.str_('Fábio'), 'success': np.True_}, {'from': np.str_('Fábio'), 'to': np.str_('Ferdinand'), 'success': np.True_}, {'from': np.str_('Ferdinand'), 'to': np.str_('Carrick'), 'success': np.True_}, {'from': np.str_('Carrick'), 'to': np.str_('Van der Sar'), 'success': np.True_}, {'from': np.str_('Van der Sar'), 'to': np.str_('Rooney'), 'success': np.False_}]"
Pass failed,Van der Sar,1,"[{'from': 'Van der Sar', 'to': np.str_('Rooney'), 'success': np.False_}]"
Success,Van der Sar → Fábio → Ferdinand → Carrick → Rooney → Giggs → Evra → Park → Carrick → Giggs → Fábio → Valencia → Ferdinand → Van der Sar → Carrick → Chicharito,15,"[{'from': 'Van der Sar', 'to': np.str_('Fábio'), 'success': np.True_}, {'from': np.str_('Fábio'), 'to': np.str_('Ferdinand'), 'success': np.True_}, {'from': np.str_('Ferdinand'), 'to': np.str_('Carrick'), 'success': np.True_}, {'from': np.str_('Carrick'), 'to': np.str_('Rooney'), 'success': np.True_}, {'from': np.str_('Rooney'), 'to': np.str_('Giggs'), 'success': np.True_}, {'from': np.str_('Giggs'), 'to': np.str_('Evra'), 'success': np.True_}, {'from': np.str_('Evra'), 'to': np.str_('Park'), 'success': np.True_}, {'from': np.str_('Park'), 'to': np.str_('Carrick'), 'success': np.True_}, {'from': np.str_('Carrick'), 'to': np.str_('Giggs'), 'success': np.True_}, {'from': np.str_('Giggs'), 'to': np.str_('Fábio'), 'success': np.True_}, {'from': np.str_('Fábio'), 'to': np.str_('Valencia'), 'success': np.True_}, {'from': np.str_('Valencia'), 'to': np.str_('Ferdinand'), 'success': np.True_}, {'from': np.str_('Ferdinand'), 'to': np.str_('Van der Sar'), 'success': np.True_}, {'from': np.str_('Van der Sar'), 'to': np.str_('Carrick'), 'success': np.True_}, {'from': np.str_('Carrick'), 'to': np.str_('Chicharito'), 'success': np.True_}]"
Pass failed,Van der Sar → Ferdinand → Rooney → Giggs → Fábio → Valencia → Vidić → Park → Carrick → Evra,10,"[{'from': 'Van der Sar', 'to': np.str_('Ferdinand'), 'success': np.True_}, {'from': np.str_('Ferdinand'), 'to': np.str_('Rooney'), 'success': np.True_}, {'from': np.str_('Rooney'), 'to': np.str_('Giggs'), 'success': np.True_}, {'from': np.str_('Giggs'), 'to': np.str_('Fábio'), 'success': np.True_}, {'from': np.str_('Fábio'), 'to': np.str_('Valencia'), 'success': np.True_}, {'from': np.str_('Valencia'), 'to': np.str_('Vidić'), 'success': np.True_}, {'from': np.str_('Vidić'), 'to': np.str_('Park'), 'success': np.True_}, {'from': np.str_('Park'), 'to': np.str_('Carrick'), 'success': np.True_}, {'from': np.str_('Carrick'), 'to': np.str_('Evra'), 'success': np.True_}, {'from': np.str_('Evra'), 'to': np.str_('Chicharito'), 'success': np.False_}]"
Success,Van der Sar → Ferdinand → Vidić → Evra → Park → Rooney → Giggs → Park → Carrick → Chicharito,9,"[{'from': 'Van der Sar', 'to': np.str_('Ferdinand'), 'success': np.True_}, {'from': np.str_('Ferdinand'), 'to': np.str_('Vidić'), 'success': np.True_}, {'from': np.str_('Vidić'), 'to': np.str_('Evra'), 'success': np.True_}, {'from': np.str_('Evra'), 'to': np.str_('Park'), 'success': np.True_}, {'from': np.str_('Park'), 'to': np.str_('Rooney'), 'success': np.True_}, {'from': np.str_('Rooney'), 'to': np.str_('Giggs'), 'success': np.True_}, {'from': np.str_('Giggs'), 'to': np.str_('Park'), 'success': np.True_}, {'from': np.str_('Park'), 'to': np.str_('Carrick'), 'success': np.True_}, {'from': np.str_('Carrick'), 'to': np.str_('Chicharito'), 'success': np.True_}]"
Pass failed,Van der Sar → Fábio → Ferdinand,3,"[{'from': 'Van der Sar', 'to': np.str_('Fábio'), 'success': np.True_}, {'from': np.str_('Fábio'), 'to': np.str_('Ferdinand'), 'success': np.True_}, {'from': np.str_('Ferdinand'), 'to': np.str_('Park'), 'success': np.False_}]"
Success,Van der Sar → Carrick → Chicharito,2,"[{'from': 'Van der Sar', 'to': np.str_('Carrick'), 'success': np.True_}, {'from': np.str_('Carrick'), 'to': np.str_('Chicharito'), 'success': np.True_}]"
Pass failed,Van der Sar → Ferdinand → Carrick → Giggs → Rooney → Valencia → Ferdinand → Evra,8,"[{'from': 'Van der Sar', 'to': np.str_('Ferdinand'), 'success': np.True_}, {'from': np.str_('Ferdinand'), 'to': np.str_('Carrick'), 'success': np.True_}, {'from': np.str_('Carrick'), 'to': np.str_('Giggs'), 'success': np.True_}, {'from': np.str_('Giggs'), 'to': np.str_('Rooney'), 'success': np.True_}, {'from': np.str_('Rooney'), 'to': np.str_('Valencia'), 'success': np.True_}, {'from': np.str_('Valencia'), 'to': np.str_('Ferdinand'), 'success': np.True_}, {'from': np.str_('Ferdinand'), 'to': np.str_('Evra'), 'success': np.True_}, {'from': np.str_('Evra'), 'to': np.str_('Chicharito'), 'success': np.False_}]"
Success,Van der Sar → Park → Rooney → Carrick → Van der Sar → Evra → Park → Rooney → Valencia → Fábio → Giggs → Ferdinand → Vidić → Carrick → Rooney → Fábio → Valencia → Ferdinand → Van der Sar → Giggs → Park → Carrick → Chicharito,22,"[{'from': 'Van der Sar', 'to': np.str_('Park'), 'success': np.True_}, {'from': np.str_('Park'), 'to': np.str_('Rooney'), 'success': np.True_}, {'from': np.str_('Rooney'), 'to': np.str_('Carrick'), 'success': np.True_}, {'from': np.str_('Carrick'), 'to': np.str_('Van der Sar'), 'success': np.True_}, {'from': np.str_('Van der Sar'), 'to': np.str_('Evra'), 'success': np.True_}, {'from': np.str_('Evra'), 'to': np.str_('Park'), 'success': np.True_}, {'from': np.str_('Park'), 'to': np.str_('Rooney'), 'success': np.True_}, {'from': np.str_('Rooney'), 'to': np.str_('Valencia'), 'success': np.True_}, {'from': np.str_('Valencia'), 'to': np.str_('Fábio'), 'success': np.True_}, {'from': np.str_('Fábio'), 'to': np.str_('Giggs'), 'success': np.True_}, {'from': np.str_('Giggs'), 'to': np.str_('Ferdinand'), 'success': np.True_}, {'from': np.str_('Ferdinand'), 'to': np.str_('Vidić'), 'success': np.True_}, {'from': np.str_('Vidić'), 'to': np.str_('Carrick'), 'success': np.True_}, {'from': np.str_('Carrick'), 'to': np.str_('Rooney'), 'success': np.True_}, {'from': np.str_('Rooney'), 'to': np.str_('Fábio'), 'success': np.True_}, {'from': np.str_('Fábio'), 'to': np.str_('Valencia'), 'success': np.True_}, {'from': np.str_('Valencia'), 'to': np.str_('Ferdinand'), 'success': np.True_}, {'from': np.str_('Ferdinand'), 'to': np.str_('Van der Sar'), 'success': np.True_}, {'from': np.str_('Van der Sar'), 'to': np.str_('Giggs'), 'success': np.True_}, {'from': np.str_('Giggs'), 'to': np.str_('Park'), 'success': np.True_}, {'from': np.str_('Park'), 'to': np.str_('Carrick'), 'success': np.True_}, {'from': np.str_('Carrick'), 'to': np.str_('Chicharito'), 'success': np.True_}]"
Pass failed,Van der Sar → Ferdinand → Carrick → Rooney → Evra → Vidić → Ferdinand → Giggs → Rooney → Park → Fábio → Valencia → Giggs → Evra → Vidić → Van der Sar → Park → Carrick → Evra,19,"[{'from': 'Van der Sar', 'to': np.str_('Ferdinand'), 'success': np.True_}, {'from': np.str_('Ferdinand'), 'to': np.str_('Carrick'), 'success': np.True_}, {'from': np.str_('Carrick'), 'to': np.str_('Rooney'), 'success': np.True_}, {'from': np.str_('Rooney'), 'to': np.str_('Evra'), 'success': np.True_}, {'from': np.str_('Evra'), 'to': np.str_('Vidić'), 'success': np.True_}, {'from': np.str_('Vidić'), 'to': np.str_('Ferdinand'), 'success': np.True_}, {'from': np.str_('Ferdinand'), 'to': np.str_('Giggs'), 'success': np.True_}, {'from': np.str_('Giggs'), 'to': np.str_('Rooney'), 'success': np.True_}, {'from': np.str_('Rooney'), 'to': np.str_('Park'), 'success': np.True_}, {'from': np.str_('Park'), 'to': np.str_('Fábio'), 'success': np.True_}, {'from': np.str_('Fábio'), 'to': np.str_('Valencia'), 'success': np.True_}, {'from': np.str_('Valencia'), 'to': np.str_('Giggs'), 'success': np.True_}, {'from': np.str_('Giggs'), 'to': np.str_('Evra'), 'success': np.True_}, {'from': np.str_('Evra'), 'to': np.str_('Vidić'), 'success': np.True_}, {'from': np.str_('Vidić'), 'to': np.str_('Van der Sar'), 'success': np.True_}, {'from': np.str_('Van der Sar'), 'to': np.str_('Park'), 'success': np.True_}, {'from': np.str_('Park'), 'to': np.str_('Carrick'), 'success': np.True_}, {'from': np.str_('Carrick'), 'to': np.str_('Evra'), 'success': np.True_}, {'from': np.str_('Evra'), 'to': np.str_('Chicharito'), 'success': np.False_}]"
Pass failed,Van der Sar → Carrick → Evra → Park → Valencia → Rooney → Giggs → Fábio → Ferdinand → Valencia → Vidić → Carrick → Rooney → Fábio → Giggs → Park → Evra → Vidić → Van der Sar → Ferdinand,20,"[{'from': 'Van der Sar', 'to': np.str_('Carrick'), 'success': np.True_}, {'from': np.str_('Carrick'), 'to': np.str_('Evra'), 'success': np.True_}, {'from': np.str_('Evra'), 'to': np.str_('Park'), 'success': np.True_}, {'from': np.str_('Park'), 'to': np.str_('Valencia'), 'success': np.True_}, {'from': np.str_('Valencia'), 'to': np.str_('Rooney'), 'success': np.True_}, {'from': np.str_('Rooney'), 'to': np.str_('Giggs'), 'success': np.True_}, {'from': np.str_('Giggs'), 'to': np.str_('Fábio'), 'success': np.True_}, {'from': np.str_('Fábio'), 'to': np.str_('Ferdinand'), 'success': np.True_}, {'from': np.str_('Ferdinand'), 'to': np.str_('Valencia'), 'success': np.True_}, {'from': np.str_('Valencia'), 'to': np.str_('Vidić'), 'success': np.True_}, {'from': np.str_('Vidić'), 'to': np.str_('Carrick'), 'success': np.True_}, {'from': np.str_('Carrick'), 'to': np.str_('Rooney'), 'success': np.True_}, {'from': np.str_('Rooney'), 'to': np.str_('Fábio'), 'success': np.True_}, {'from': np.str_('Fábio'), 'to': np.str_('Giggs'), 'success': np.True_}, {'from': np.str_('Giggs'), 'to': np.str_('Park'), 'success': np.True_}, {'from': np.str_('Park'), 'to': np.str_('Evra'), 'success': np.True_}, {'from': np.str_('Evra'), 'to': np.str_('Vidić'), 'success': np.True_}, {'from': np.str_('Vidić'), 'to': np.str_('Van der Sar'), 'success': np.True_}, {'from': np.str_('Van der Sar'), 'to': np.str_('Ferdinand'), 'success': np.True_}, {'from': np.str_('Ferdinand'), 'to': np.str_('Park'), 'success': np.False_}]"
Pass failed,Van der Sar → Giggs,2,"[{'from': 'Van der Sar', 'to': np.str_('Giggs'), 'success': np.True_}, {'from': np.str_('Giggs'), 'to': np.str_('Valencia'), 'success': np.False_}]"
Success,Van der Sar → Ferdinand → Valencia → Rooney → Giggs → Evra → Rooney → Valencia → Ferdinand → Carrick → Vidić → Evra → Park → Fábio → Giggs → Rooney → Chicharito,16,"[{'from': 'Van der Sar', 'to': np.str_('Ferdinand'), 'success': np.True_}, {'from': np.str_('Ferdinand'), 'to': np.str_('Valencia'), 'success': np.True_}, {'from': np.str_('Valencia'), 'to': np.str_('Rooney'), 'success': np.True_}, {'from': np.str_('Rooney'), 'to': np.str_('Giggs'), 'success': np.True_}, {'from': np.str_('Giggs'), 'to': np.str_('Evra'), 'success': np.True_}, {'from': np.str_('Evra'), 'to': np.str_('Rooney'), 'success': np.True_}, {'from': np.str_('Rooney'), 'to': np.str_('Valencia'), 'success': np.True_}, {'from': np.str_('Valencia'), 'to': np.str_('Ferdinand'), 'success': np.True_}, {'from': np.str_('Ferdinand'), 'to': np.str_('Carrick'), 'success': np.True_}, {'from': np.str_('Carrick'), 'to': np.str_('Vidić'), 'success': np.True_}, {'from': np.str_('Vidić'), 'to': np.str_('Evra'), 'success': np.True_}, {'from': np.str_('Evra'), 'to': np.str_('Park'), 'success': np.True_}, {'from': np.str_('Park'), 'to': np.str_('Fábio'), 'success': np.True_}, {'from': np.str_('Fábio'), 'to': np.str_('Giggs'), 'success': np.True_}, {'from': np.str_('Giggs'), 'to': np.str_('Rooney'), 'success': np.True_}, {'from': np.str_('Rooney'), 'to': np.str_('Chicharito'), 'success': np.True_}]"
Success,Van der Sar → Fábio → Giggs → Rooney → Carrick → Chicharito,5,"[{'from': 'Van der Sar', 'to': np.str_('Fábio'), 'success': np.True_}, {'from': np.str_('Fábio'), 'to': np.str_('Giggs'), 'success': np.True_}, {'from': np.str_('Giggs'), 'to': np.str_('Rooney'), 'success': np.True_}, {'from': np.str_('Rooney'), 'to': np.str_('Carrick'), 'success': np.True_}, {'from': np.str_('Carrick'), 'to': np.str_('Chicharito'), 'success': np.True_}]"
Pass failed,Van der Sar → Vidić → Evra → Park → Evra → Rooney → Carrick → Van der Sar → Ferdinand → Giggs,10,"[{'from': 'Van der Sar', 'to': np.str_('Vidić'), 'success': np.True_}, {'from': np.str_('Vidić'), 'to': np.str_('Evra'), 'success': np.True_}, {'from': np.str_('Evra'), 'to': np.str_('Park'), 'success': np.True_}, {'from': np.str_('Park'), 'to': np.str_('Evra'), 'success': np.True_}, {'from': np.str_('Evra'), 'to': np.str_('Rooney'), 'success': np.True_}, {'from': np.str_('Rooney'), 'to': np.str_('Carrick'), 'success': np.True_}, {'from': np.str_('Carrick'), 'to': np.str_('Van der Sar'), 'success': np.True_}, {'from': np.str_('Van der Sar'), 'to': np.str_('Ferdinand'), 'success': np.True_}, {'from': np.str_('Ferdinand'), 'to': np.str_('Giggs'), 'success': np.True_}, {'from': np.str_('Giggs'), 'to': np.str_('Chicharito'), 'success': np.False_}]"
Success,Van der Sar → Ferdinand → Rooney → Evra → Vidić → Ferdinand → Giggs → Park → Giggs → Evra → Carrick → Chicharito,11,"[{'from': 'Van der Sar', 'to': np.str_('Ferdinand'), 'success': np.True_}, {'from': np.str_('Ferdinand'), 'to': np.str_('Rooney'), 'success': np.True_}, {'from': np.str_('Rooney'), 'to': np.str_('Evra'), 'success': np.True_}, {'from': np.str_('Evra'), 'to': np.str_('Vidić'), 'success': np.True_}, {'from': np.str_('Vidić'), 'to': np.str_('Ferdinand'), 'success': np.True_}, {'from': np.str_('Ferdinand'), 'to': np.str_('Giggs'), 'success': np.True_}, {'from': np.str_('Giggs'), 'to': np.str_('Park'), 'success': np.True_}, {'from': np.str_('Park'), 'to': np.str_('Giggs'), 'success': np.True_}, {'from': np.str_('Giggs'), 'to': np.str_('Evra'), 'success': np.True_}, {'from': np.str_('Evra'), 'to': np.str_('Carrick'), 'success': np.True_}, {'from': np.str_('Carrick'), 'to': np.str_('Chicharito'), 'success': np.True_}]"
Pass failed,Van der Sar,1,"[{'from': 'Van der Sar', 'to': np.str_('Rooney'), 'success': np.False_}]"
Success,Van der Sar → Park → Fábio → Valencia → Rooney → Giggs → Vidić → Evra → Carrick → Chicharito,9,"[{'from': 'Van der Sar', 'to': np.str_('Park'), 'success': np.True_}, {'from': np.str_('Park'), 'to': np.str_('Fábio'), 'success': np.True_}, {'from': np.str_('Fábio'), 'to': np.str_('Valencia'), 'success': np.True_}, {'from': np.str_('Valencia'), 'to': np.str_('Rooney'), 'success': np.True_}, {'from': np.str_('Rooney'), 'to': np.str_('Giggs'), 'success': np.True_}, {'from': np.str_('Giggs'), 'to': np.str_('Vidić'), 'success': np.True_}, {'from': np.str_('Vidić'), 'to': np.str_('Evra'), 'success': np.True_}, {'from': np.str_('Evra'), 'to': np.str_('Carrick'), 'success': np.True_}, {'from': np.str_('Carrick'), 'to': np.str_('Chicharito'), 'success': np.True_}]"
Success,Van der Sar → Evra → Park → Vidić → Carrick → Chicharito,5,"[{'from': 'Van der Sar', 'to': np.str_('Evra'), 'success': np.True_}, {'from': np.str_('Evra'), 'to': np.str_('Park'), 'success': np.True_}, {'from': np.str_('Park'), 'to': np.str_('Vidić'), 'success': np.True_}, {'from': np.str_('Vidić'), 'to': np.str_('Carrick'), 'success': np.True_}, {'from': np.str_('Carrick'), 'to': np.str_('Chicharito'), 'success': np.True_}]"
Success,Van der Sar → Fábio → Valencia → Ferdinand → Rooney → Carrick → Chicharito,6,"[{'from': 'Van der Sar', 'to': np.str_('Fábio'), 'success': np.True_}, {'from': np.str_('Fábio'), 'to': np.str_('Valencia'), 'success': np.True_}, {'from': np.str_('Valencia'), 'to': np.str_('Ferdinand'), 'success': np.True_}, {'from': np.str_('Ferdinand'), 'to': np.str_('Rooney'), 'success': np.True_}, {'from': np.str_('Rooney'), 'to': np.str_('Carrick'), 'success': np.True_}, {'from': np.str_('Carrick'), 'to': np.str_('Chicharito'), 'success': np.True_}]"
Success,Van der Sar → Vidić → Van der Sar → Carrick → Valencia → Fábio → Rooney → Giggs → Park → Evra → Park → Carrick → Chicharito,12,"[{'from': 'Van der Sar', 'to': np.str_('Vidić'), 'success': np.True_}, {'from': np.str_('Vidić'), 'to': np.str_('Van der Sar'), 'success': np.True_}, {'from': np.str_('Van der Sar'), 'to': np.str_('Carrick'), 'success': np.True_}, {'from': np.str_('Carrick'), 'to': np.str_('Valencia'), 'success': np.True_}, {'from': np.str_('Valencia'), 'to': np.str_('Fábio'), 'success': np.True_}, {'from': np.str_('Fábio'), 'to': np.str_('Rooney'), 'success': np.True_}, {'from': np.str_('Rooney'), 'to': np.str_('Giggs'), 'success': np.True_}, {'from': np.str_('Giggs'), 'to': np.str_('Park'), 'success': np.True_}, {'from': np.str_('Park'), 'to': np.str_('Evra'), 'success': np.True_}, {'from': np.str_('Evra'), 'to': np.str_('Park'), 'success': np.True_}, {'from': np.str_('Park'), 'to': np.str_('Carrick'), 'success': np.True_}, {'from': np.str_('Carrick'), 'to': np.str_('Chicharito'), 'success': np.True_}]"
Success,Van der Sar → Ferdinand → Valencia → Ferdinand → Valencia → Vidić → Carrick → Giggs → Park → Rooney → Chicharito,10,"[{'from': 'Van der Sar', 'to': np.str_('Ferdinand'), 'success': np.True_}, {'from': np.str_('Ferdinand'), 'to': np.str_('Valencia'), 'success': np.True_}, {'from': np.str_('Valencia'), 'to': np.str_('Ferdinand'), 'success': np.True_}, {'from': np.str_('Ferdinand'), 'to': np.str_('Valencia'), 'success': np.True_}, {'from': np.str_('Valencia'), 'to': np.str_('Vidić'), 'success': np.True_}, {'from': np.str_('Vidić'), 'to': np.str_('Carrick'), 'success': np.True_}, {'from': np.str_('Carrick'), 'to': np.str_('Giggs'), 'success': np.True_}, {'from': np.str_('Giggs'), 'to': np.str_('Park'), 'success': np.True_}, {'from': np.str_('Park'), 'to': np.str_('Rooney'), 'success': np.True_}, {'from': np.str_('Rooney'), 'to': np.str_('Chicharito'), 'success': np.True_}]"
Pass failed,Van der Sar,1,"[{'from': 'Van der Sar', 'to': np.str_('Rooney'), 'success': np.False_}]"
Pass failed,Van der Sar,1,"[{'from': 'Van der Sar', 'to': np.str_('Rooney'), 'success': np.False_}]"
Pass failed,Van der Sar → Valencia → Giggs → Park → Rooney → Valencia → Ferdinand → Carrick → Van der Sar → Giggs → Park → Evra → Vidić → Ferdinand → Van der Sar → Evra → Rooney,17,"[{'from': 'Van der Sar', 'to': np.str_('Valencia'), 'success': np.True_}, {'from': np.str_('Valencia'), 'to': np.str_('Giggs'), 'success': np.True_}, {'from': np.str_('Giggs'), 'to': np.str_('Park'), 'success': np.True_}, {'from': np.str_('Park'), 'to': np.str_('Rooney'), 'success': np.True_}, {'from': np.str_('Rooney'), 'to': np.str_('Valencia'), 'success': np.True_}, {'from': np.str_('Valencia'), 'to': np.str_('Ferdinand'), 'success': np.True_}, {'from': np.str_('Ferdinand'), 'to': np.str_('Carrick'), 'success': np.True_}, {'from': np.str_('Carrick'), 'to': np.str_('Van der Sar'), 'success': np.True_}, {'from': np.str_('Van der Sar'), 'to': np.str_('Giggs'), 'success': np.True_}, {'from': np.str_('Giggs'), 'to': np.str_('Park'), 'success': np.True_}, {'from': np.str_('Park'), 'to': np.str_('Evra'), 'success': np.True_}, {'from': np.str_('Evra'), 'to': np.str_('Vidić'), 'success': np.True_}, {'from': np.str_('Vidić'), 'to': np.str_('Ferdinand'), 'success': np.True_}, {'from': np.str_('Ferdinand'), 'to': np.str_('Van der Sar'), 'success': np.True_}, {'from': np.str_('Van der Sar'), 'to': np.str_('Evra'), 'success': np.True_}, {'from': np.str_('Evra'), 'to': np.str_('Rooney'), 'success': np.True_}, {'from': np.str_('Rooney'), 'to': np.str_('Vidić'), 'success': np.False_}]"
Pass failed,Van der Sar → Carrick → Vidić → Ferdinand → Van der Sar,5,"[{'from': 'Van der Sar', 'to': np.str_('Carrick'), 'success': np.True_}, {'from': np.str_('Carrick'), 'to': np.str_('Vidić'), 'success': np.True_}, {'from': np.str_('Vidić'), 'to': np.str_('Ferdinand'), 'success': np.True_}, {'from': np.str_('Ferdinand'), 'to': np.str_('Van der Sar'), 'success': np.True_}, {'from': np.str_('Van der Sar'), 'to': np.str_('Rooney'), 'success': np.False_}]"
Success,Van der Sar → Giggs → Rooney → Valencia → Ferdinand → Giggs → Park → Rooney → Giggs → Rooney → Chicharito,10,"[{'from': 'Van der Sar', 'to': np.str_('Giggs'), 'success': np.True_}, {'from': np.str_('Giggs'), 'to': np.str_('Rooney'), 'success': np.True_}, {'from': np.str_('Rooney'), 'to': np.str_('Valencia'), 'success': np.True_}, {'from': np.str_('Valencia'), 'to': np.str_('Ferdinand'), 'success': np.True_}, {'from': np.str_('Ferdinand'), 'to': np.str_('Giggs'), 'success': np.True_}, {'from': np.str_('Giggs'), 'to': np.str_('Park'), 'success': np.True_}, {'from': np.str_('Park'), 'to': np.str_('Rooney'), 'success': np.True_}, {'from': np.str_('Rooney'), 'to': np.str_('Giggs'), 'success': np.True_}, {'from': np.str_('Giggs'), 'to': np.str_('Rooney'), 'success': np.True_}, {'from': np.str_('Rooney'), 'to': np.str_('Chicharito'), 'success': np.True_}]"
Pass failed,Van der Sar,1,"[{'from': 'Van der Sar', 'to': np.str_('Rooney'), 'success': np.False_}]"
Success,Van der Sar → Ferdinand → Valencia → Carrick → Fábio → Giggs → Park → Rooney → Chicharito,8,"[{'from': 'Van der Sar', 'to': np.str_('Ferdinand'), 'success': np.True_}, {'from': np.str_('Ferdinand'), 'to': np.str_('Valencia'), 'success': np.True_}, {'from': np.str_('Valencia'), 'to': np.str_('Carrick'), 'success': np.True_}, {'from': np.str_('Carrick'), 'to': np.str_('Fábio'), 'success': np.True_}, {'from': np.str_('Fábio'), 'to': np.str_('Giggs'), 'success': np.True_}, {'from': np.str_('Giggs'), 'to': np.str_('Park'), 'success': np.True_}, {'from': np.str_('Park'), 'to': np.str_('Rooney'), 'success': np.True_}, {'from': np.str_('Rooney'), 'to': np.str_('Chicharito'), 'success': np.True_}]"
Success,Van der Sar → Fábio → Giggs → Park → Carrick → Chicharito,5,"[{'from': 'Van der Sar', 'to': np.str_('Fábio'), 'success': np.True_}, {'from': np.str_('Fábio'), 'to': np.str_('Giggs'), 'success': np.True_}, {'from': np.str_('Giggs'), 'to': np.str_('Park'), 'success': np.True_}, {'from': np.str_('Park'), 'to': np.str_('Carrick'), 'success': np.True_}, {'from': np.str_('Carrick'), 'to': np.str_('Chicharito'), 'success': np.True_}]"
Pass failed,Van der Sar → Giggs → Rooney → Park → Evra → Giggs,6,"[{'from': 'Van der Sar', 'to': np.str_('Giggs'), 'success': np.True_}, {'from': np.str_('Giggs'), 'to': np.str_('Rooney'), 'success': np.True_}, {'from': np.str_('Rooney'), 'to': np.str_('Park'), 'success': np.True_}, {'from': np.str_('Park'), 'to': np.str_('Evra'), 'success': np.True_}, {'from': np.str_('Evra'), 'to': np.str_('Giggs'), 'success': np.True_}, {'from': np.str_('Giggs'), 'to': np.str_('Valencia'), 'success': np.False_}]"
Pass failed,Van der Sar → Fábio → Giggs,3,"[{'from': 'Van der Sar', 'to': np.str_('Fábio'), 'success': np.True_}, {'from': np.str_('Fábio'), 'to': np.str_('Giggs'), 'success': np.True_}, {'from': np.str_('Giggs'), 'to': np.str_('Chicharito'), 'success': np.False_}]"
Pass failed,Van der Sar → Ferdinand,2,"[{'from': 'Van der Sar', 'to': np.str_('Ferdinand'), 'success': np.True_}, {'from': np.str_('Ferdinand'), 'to': np.str_('Park'), 'success': np.False_}]"
Success,Van der Sar → Ferdinand → Valencia → Fábio → Rooney → Park → Rooney → Giggs → Vidić → Carrick → Chicharito,10,"[{'from': 'Van der Sar', 'to': np.str_('Ferdinand'), 'success': np.True_}, {'from': np.str_('Ferdinand'), 'to': np.str_('Valencia'), 'success': np.True_}, {'from': np.str_('Valencia'), 'to': np.str_('Fábio'), 'success': np.True_}, {'from': np.str_('Fábio'), 'to': np.str_('Rooney'), 'success': np.True_}, {'from': np.str_('Rooney'), 'to': np.str_('Park'), 'success': np.True_}, {'from': np.str_('Park'), 'to': np.str_('Rooney'), 'success': np.True_}, {'from': np.str_('Rooney'), 'to': np.str_('Giggs'), 'success': np.True_}, {'from': np.str_('Giggs'), 'to': np.str_('Vidić'), 'success': np.True_}, {'from': np.str_('Vidić'), 'to': np.str_('Carrick'), 'success': np.True_}, {'from': np.str_('Carrick'), 'to': np.str_('Chicharito'), 'success': np.True_}]"
Pass failed,Van der Sar → Carrick → Giggs,3,"[{'from': 'Van der Sar', 'to': np.str_('Carrick'), 'success': np.True_}, {'from': np.str_('Carrick'), 'to': np.str_('Giggs'), 'success': np.True_}, {'from': np.str_('Giggs'), 'to': np.str_('Valencia'), 'success': np.False_}]"
Success,Van der Sar → Ferdinand → Vidić → Carrick → Valencia → Fábio → Giggs → Park → Evra → Giggs → Park → Rooney → Chicharito,12,"[{'from': 'Van der Sar', 'to': np.str_('Ferdinand'), 'success': np.True_}, {'from': np.str_('Ferdinand'), 'to': np.str_('Vidić'), 'success': np.True_}, {'from': np.str_('Vidić'), 'to': np.str_('Carrick'), 'success': np.True_}, {'from': np.str_('Carrick'), 'to': np.str_('Valencia'), 'success': np.True_}, {'from': np.str_('Valencia'), 'to': np.str_('Fábio'), 'success': np.True_}, {'from': np.str_('Fábio'), 'to': np.str_('Giggs'), 'success': np.True_}, {'from': np.str_('Giggs'), 'to': np.str_('Park'), 'success': np.True_}, {'from': np.str_('Park'), 'to': np.str_('Evra'), 'success': np.True_}, {'from': np.str_('Evra'), 'to': np.str_('Giggs'), 'success': np.True_}, {'from': np.str_('Giggs'), 'to': np.str_('Park'), 'success': np.True_}, {'from': np.str_('Park'), 'to': np.str_('Rooney'), 'success': np.True_}, {'from': np.str_('Rooney'), 'to': np.str_('Chicharito'), 'success': np.True_}]"
Success,Van der Sar → Ferdinand → Valencia → Rooney → Chicharito,4,"[{'from': 'Van der Sar', 'to': np.str_('Ferdinand'), 'success': np.True_}, {'from': np.str_('Ferdinand'), 'to': np.str_('Valencia'), 'success': np.True_}, {'from': np.str_('Valencia'), 'to': np.str_('Rooney'), 'success': np.True_}, {'from': np.str_('Rooney'), 'to': np.str_('Chicharito'), 'success': np.True_}]"
Success,Van der Sar → Ferdinand → Carrick → Chicharito,3,"[{'from': 'Van der Sar', 'to': np.str_('Ferdinand'), 'success': np.True_}, {'from': np.str_('Ferdinand'), 'to': np.str_('Carrick'), 'success': np.True_}, {'from': np.str_('Carrick'), 'to': np.str_('Chicharito'), 'success': np.True_}]"
Success,Van der Sar → Park → Carrick → Giggs → Rooney → Chicharito,5,"[{'from': 'Van der Sar', 'to': np.str_('Park'), 'success': np.True_}, {'from': np.str_('Park'), 'to': np.str_('Carrick'), 'success': np.True_}, {'from': np.str_('Carrick'), 'to': np.str_('Giggs'), 'success': np.True_}, {'from': np.str_('Giggs'), 'to': np.str_('Rooney'), 'success': np.True_}, {'from': np.str_('Rooney'), 'to': np.str_('Chicharito'), 'success': np.True_}]"
Success,Van der Sar → Giggs → Ferdinand → Vidić → Ferdinand → Valencia → Fábio → Ferdinand → Rooney → Valencia → Giggs → Rooney → Park → Carrick → Chicharito,14,"[{'from': 'Van der Sar', 'to': np.str_('Giggs'), 'success': np.True_}, {'from': np.str_('Giggs'), 'to': np.str_('Ferdinand'), 'success': np.True_}, {'from': np.str_('Ferdinand'), 'to': np.str_('Vidić'), 'success': np.True_}, {'from': np.str_('Vidić'), 'to': np.str_('Ferdinand'), 'success': np.True_}, {'from': np.str_('Ferdinand'), 'to': np.str_('Valencia'), 'success': np.True_}, {'from': np.str_('Valencia'), 'to': np.str_('Fábio'), 'success': np.True_}, {'from': np.str_('Fábio'), 'to': np.str_('Ferdinand'), 'success': np.True_}, {'from': np.str_('Ferdinand'), 'to': np.str_('Rooney'), 'success': np.True_}, {'from': np.str_('Rooney'), 'to': np.str_('Valencia'), 'success': np.True_}, {'from': np.str_('Valencia'), 'to': np.str_('Giggs'), 'success': np.True_}, {'from': np.str_('Giggs'), 'to': np.str_('Rooney'), 'success': np.True_}, {'from': np.str_('Rooney'), 'to': np.str_('Park'), 'success': np.True_}, {'from': np.str_('Park'), 'to': np.str_('Carrick'), 'success': np.True_}, {'from': np.str_('Carrick'), 'to': np.str_('Chicharito'), 'success': np.True_}]"
Pass failed,Van der Sar → Giggs → Park → Rooney → Valencia → Ferdinand → Carrick → Giggs → Evra → Vidić → Ferdinand → Van der Sar → Evra → Park → Fábio → Valencia → Ferdinand → Vidić → Van der Sar → Fábio → Giggs,21,"[{'from': 'Van der Sar', 'to': np.str_('Giggs'), 'success': np.True_}, {'from': np.str_('Giggs'), 'to': np.str_('Park'), 'success': np.True_}, {'from': np.str_('Park'), 'to': np.str_('Rooney'), 'success': np.True_}, {'from': np.str_('Rooney'), 'to': np.str_('Valencia'), 'success': np.True_}, {'from': np.str_('Valencia'), 'to': np.str_('Ferdinand'), 'success': np.True_}, {'from': np.str_('Ferdinand'), 'to': np.str_('Carrick'), 'success': np.True_}, {'from': np.str_('Carrick'), 'to': np.str_('Giggs'), 'success': np.True_}, {'from': np.str_('Giggs'), 'to': np.str_('Evra'), 'success': np.True_}, {'from': np.str_('Evra'), 'to': np.str_('Vidić'), 'success': np.True_}, {'from': np.str_('Vidić'), 'to': np.str_('Ferdinand'), 'success': np.True_}, {'from': np.str_('Ferdinand'), 'to': np.str_('Van der Sar'), 'success': np.True_}, {'from': np.str_('Van der Sar'), 'to': np.str_('Evra'), 'success': np.True_}, {'from': np.str_('Evra'), 'to': np.str_('Park'), 'success': np.True_}, {'from': np.str_('Park'), 'to': np.str_('Fábio'), 'success': np.True_}, {'from': np.str_('Fábio'), 'to': np.str_('Valencia'), 'success': np.True_}, {'from': np.str_('Valencia'), 'to': np.str_('Ferdinand'), 'success': np.True_}, {'from': np.str_('Ferdinand'), 'to': np.str_('Vidić'), 'success': np.True_}, {'from': np.str_('Vidić'), 'to': np.str_('Van der Sar'), 'success': np.True_}, {'from': np.str_('Van der Sar'), 'to': np.str_('Fábio'), 'success': np.True_}, {'from': np.str_('Fábio'), 'to': np.str_('Giggs'), 'success': np.True_}, {'from': np.str_('Giggs'), 'to': np.str_('Chicharito'), 'success': np.False_}]"
Success,Van der Sar → Park → Giggs → Rooney → Chicharito,4,"[{'from': 'Van der Sar', 'to': np.str_('Park'), 'success': np.True_}, {'from': np.str_('Park'), 'to': np.str_('Giggs'), 'success': np.True_}, {'from': np.str_('Giggs'), 'to': np.str_('Rooney'), 'success': np.True_}, {'from': np.str_('Rooney'), 'to': np.str_('Chicharito'), 'success': np.True_}]"
Success,Van der Sar → Ferdinand → Valencia → Fábio → Valencia → Ferdinand → Van der Sar → Giggs → Park → Rooney → Fábio → Valencia → Carrick → Chicharito,13,"[{'from': 'Van der Sar', 'to': np.str_('Ferdinand'), 'success': np.True_}, {'from': np.str_('Ferdinand'), 'to': np.str_('Valencia'), 'success': np.True_}, {'from': np.str_('Valencia'), 'to': np.str_('Fábio'), 'success': np.True_}, {'from': np.str_('Fábio'), 'to': np.str_('Valencia'), 'success': np.True_}, {'from': np.str_('Valencia'), 'to': np.str_('Ferdinand'), 'success': np.True_}, {'from': np.str_('Ferdinand'), 'to': np.str_('Van der Sar'), 'success': np.True_}, {'from': np.str_('Van der Sar'), 'to': np.str_('Giggs'), 'success': np.True_}, {'from': np.str_('Giggs'), 'to': np.str_('Park'), 'success': np.True_}, {'from': np.str_('Park'), 'to': np.str_('Rooney'), 'success': np.True_}, {'from': np.str_('Rooney'), 'to': np.str_('Fábio'), 'success': np.True_}, {'from': np.str_('Fábio'), 'to': np.str_('Valencia'), 'success': np.True_}, {'from': np.str_('Valencia'), 'to': np.str_('Carrick'), 'success': np.True_}, {'from': np.str_('Carrick'), 'to': np.str_('Chicharito'), 'success': np.True_}]"
Pass failed,Van der Sar,1,"[{'from': 'Van der Sar', 'to': np.str_('Rooney'), 'success': np.False_}]"
Pass failed,Van der Sar → Giggs → Fábio → Ferdinand → Carrick → Valencia → Ferdinand,7,"[{'from': 'Van der Sar', 'to': np.str_('Giggs'), 'success': np.True_}, {'from': np.str_('Giggs'), 'to': np.str_('Fábio'), 'success': np.True_}, {'from': np.str_('Fábio'), 'to': np.str_('Ferdinand'), 'success': np.True_}, {'from': np.str_('Ferdinand'), 'to': np.str_('Carrick'), 'success': np.True_}, {'from': np.str_('Carrick'), 'to': np.str_('Valencia'), 'success': np.True_}, {'from': np.str_('Valencia'), 'to': np.str_('Ferdinand'), 'success': np.True_}, {'from': np.str_('Ferdinand'), 'to': np.str_('Park'), 'success': np.False_}]"
Pass failed,Van der Sar → Ferdinand,2,"[{'from': 'Van der Sar', 'to': np.str_('Ferdinand'), 'success': np.True_}, {'from': np.str_('Ferdinand'), 'to': np.str_('Park'), 'success': np.False_}]"
